{"cameraMode":{"drawMode":0,"name":"Shaded","section":"Shading Mode"},"sceneLighting":false,"audioPlay":false,"sceneViewState":{"showFog":true,"showMaterialUpdate":false,"showSkybox":false,"showFlares":true,"showImageEffects":true,"showParticleSystems":true},"in2DMode":false,"pivot":{"x":-0.058674365282058719,"y":0.6907230615615845,"z":0.042936861515045169},"rotation":{"x":0.006946928333491087,"y":0.9103718400001526,"z":-0.4134562015533447,"w":0.01529674045741558},"size":0.6270788908004761,"orthographic":false}